{"VALPARAISO":{"PRESUPUESTO DECRETADO(M$)":27185408,"GASTO (M$)":12574318.770999998,"SALDO (M$)":14611089.229000002},"PETORCA":{"PRESUPUESTO DECRETADO(M$)":2804600,"GASTO (M$)":1150350.1330000001,"SALDO (M$)":1654249.8669999999},"LA LIGUA":{"PRESUPUESTO DECRETADO(M$)":3794068,"GASTO (M$)":511804.845,"SALDO (M$)":3282263.155}}